,Unnamed: 0,lng,lat,id,icon_caption_x,speed_limit,raw_text,icon_caption_y,geom_type,geometry,id_clean,dist_m
22,45,71.3998188,51.0824147,3a292bf8-328a-11ee-a212-001876201992,Контроль ПДД,60,"Скопировать ссылку на точку KZ-01-ID:ASTLU100 Нур-Султан, от просп. Т?ран в сторону ул. Турара Рыскулова Старый номер: KZ-KZ-AST-8959 Дата последних изменений: 2023-08-04 07:46:15 Ограничение скорости: 60 [edit] [copy]",Контроль ПДД,Polygon,"POLYGON ((71.3998188 51.0824147, 71.395526816172 51.082508854129, 71.39583691601 51.083425341717, 71.3998188 51.0824147))",3a292bf8-328a-11ee-a212-001876201992,1386.4510022878012
23,46,71.3884884,51.0815922,91f180da-2c13-11e5-a827-3440b5d7,Контроль ПДД,60,Скопировать ссылку на точку 01-Астана VOCORD Cyclops Старый номер: KZ-KZ-AST-1529 Дата последних изменений: 2023-07-12 06:48:05 Ограничение скорости: 60 [edit] [copy] Фото 1 из 1 в базе с 2016-05-01 03:35:57:,Контроль ПДД,Polygon,"POLYGON ((71.3884884 51.0815922, 71.388388482462 51.079794711716, 71.387415895706 51.079924581951, 71.3884884 51.0815922))",91f180da-2c13-11e5-a827-3440b5d7,2128.7018957073365
24,47,71.388017,51.081192,cc1782f2-2c13-11e5-a827-3440b5d7,Контроль ПДД,60,Скопировать ссылку на точку 01-Астана VOCORD Cyclops Старый номер: KZ-KZ-AST-1530 Дата последних изменений: 2023-07-12 06:47:31 Ограничение скорости: 60 [edit] [copy] Фото 1 из 1 в базе с 2016-05-01 03:35:24:,Контроль ПДД,Polygon,"POLYGON ((71.388017 51.081192, 71.388216711614 51.082986202691, 71.389181482815 51.082835088323, 71.388017 51.081192))",cc1782f2-2c13-11e5-a827-3440b5d7,2176.862978134767
25,48,71.3950131,51.0998046,b16d754e-2c14-11e5-a827-3440b5d7,Контроль ПДД,60,"Скопировать ссылку на точку 01 Нур-Султан, пр. Туран/пр. Улы Дала - Сергек ASTP144 -КРЗ- Старый номер: KZ-KZ-AST-1531 Дата последних изменений: 2023-06-28 18:41:37 Ограничение скорости: 60 [edit] [copy]",Контроль ПДД,Polygon,"POLYGON ((71.3950131 51.0998046, 71.394888153883 51.097557739645, 71.393671941582 51.097720077439, 71.3950131 51.0998046))",b16d754e-2c14-11e5-a827-3440b5d7,1900.5866851111418
26,49,71.3949111,51.1002741,c0bc20d0-2c14-11e5-a827-3440b5d7,Контроль ПДД,60,"Скопировать ссылку на точку 01 Нур-Султан, пр. Туран/пр. Улы Дала - Сергек ASTP144 -КРЗ- Старый номер: KZ-KZ-AST-1532 Дата последних изменений: 2023-06-28 18:41:44 Ограничение скорости: 60 [edit] [copy]",Контроль ПДД,Polygon,"POLYGON ((71.3949111 51.1002741, 71.395036047051 51.102520960363, 71.396252271728 51.10235862264, 71.3949111 51.1002741))",c0bc20d0-2c14-11e5-a827-3440b5d7,1938.7677019412477
27,50,71.4266016,51.0955029,17a523fb-2c15-11e5-a827-3440b5d7,Контроль ПДД,60,"Скопировать ссылку на точку KZ-01-ID:ASTP192-КРЗ- Нур-Султан, просп. Мангилик Ел/пр. Улы Дала - Сергек Старый номер: KZ-KZ-AST-1533 Дата последних изменений: 2020-09-28 10:18:40 Ограничение скорости: 60 [edit] [copy]",Контроль ПДД,Polygon,"POLYGON ((71.4266016 51.0955029, 71.423744699264 51.095628362617, 71.423985318027 51.096234449738, 71.4266016 51.0955029))",17a523fb-2c15-11e5-a827-3440b5d7,994.5032009373361
28,51,71.4272132,51.0955536,2e6b38a2-2c15-11e5-a827-3440b5d7,Контроль ПДД,60,"Скопировать ссылку на точку KZ-01-ID:ASTP192-КРЗ- Нур-Султан, просп. Мангилик Ел/пр. Улы Дала - Сергек Старый номер: KZ-KZ-AST-1534 Дата последних изменений: 2020-09-28 10:18:58 Ограничение скорости: 60 [edit] [copy]",Контроль ПДД,Polygon,"POLYGON ((71.4272132 51.0955536, 71.430075335533 51.095490830749, 71.429868543661 51.094879839011, 71.4272132 51.0955536))",2e6b38a2-2c15-11e5-a827-3440b5d7,1029.3077692788695
29,52,71.4269074,51.0952631,45f0f917-2c15-11e5-a827-3440b5d7,Контроль ПДД,60,"Скопировать ссылку на точку KZ-01-ID:ASTP192-КРЗ- Нур-Султан, от просп. Улы Дала в сторону ул. Букар жырау Старый номер: KZ-KZ-AST-1535 Дата последних изменений: 2023-07-07 15:54:33 Ограничение скорости: 60 [edit] [copy]",Контроль ПДД,Polygon,"POLYGON ((71.4269074 51.0952631, 71.426832439693 51.093914983787, 71.426102783986 51.094012386463, 71.4269074 51.0952631))",45f0f917-2c15-11e5-a827-3440b5d7,991.7150165271408
30,53,71.4269557,51.0957731,556aa7fb-2c15-11e5-a827-3440b5d7,Контроль ПДД,60,"Скопировать ссылку на точку KZ-01-ID:ASTP192-КРЗ- Нур-Султан, просп. Мангилик Ел/пр. Улы Дала - Сергек Старый номер: KZ-KZ-AST-1536 Дата последних изменений: 2020-09-28 10:22:45 Ограничение скорости: 60 [edit] [copy]",Контроль ПДД,Polygon,"POLYGON ((71.4269557 51.0957731, 71.427030660933 51.097121216218, 71.427760324702 51.097023813584, 71.4269557 51.0957731))",556aa7fb-2c15-11e5-a827-3440b5d7,1033.196977423177
38,62,71.4268477,51.0949297,31059695-4a78-11e6-9d35-5254a201,Контроль ПДД,60,Скопировать ссылку на точку 01 Астана VOCORD Cyclops Старый номер: KZ-KZ-AST-1731 Дата последних изменений: 2023-07-07 15:53:58 Ограничение скорости: 60 [edit] [copy] Фото 1 из 1 в базе с 2016-07-15 12:37:55:,Контроль ПДД,Polygon,"POLYGON ((71.4268477 51.0949297, 71.426348271978 51.090444193302, 71.423935627533 51.090821979364, 71.4268477 51.0949297))",31059695-4a78-11e6-9d35-5254a201,963.9562802214092
39,63,71.4270412,51.0961252,8de62edf-4a78-11e6-9d35-5254a201,Контроль ПДД,60,"Скопировать ссылку на точку KZ-01 Нур-Султан, просп. Мангилик Ел/пр. Улы Дала - Вокорд Циклоп Старый номер: KZ-KZ-AST-1732 Дата последних изменений: 2020-09-28 10:23:46 Ограничение скорости: 60 [edit] [copy] Фото 1 из 1 в базе с 2016-07-15 12:40:30:",Контроль ПДД,Polygon,"POLYGON ((71.4270412 51.0961252, 71.427191123007 51.098821432435, 71.428650461659 51.098626627168, 71.4270412 51.0961252))",8de62edf-4a78-11e6-9d35-5254a201,1065.1964911095774
88,114,71.4090697,51.1071949,5fe07757-bfa0-11e7-90a3-00187620,Контроль ПДД,60,"Скопировать ссылку на точку KZ-01-ID:ASTLU65 Нур-Султан, от просп. ?абанбай Батыр в сторону ул. Орынбор Старый номер: KZ-KZ-AST-2055 Дата последних изменений: 2020-09-29 10:45:30 Ограничение скорости: 60 [edit] [copy]",Контроль ПДД,Polygon,"POLYGON ((71.4090697 51.1071949, 71.408882298276 51.104949751201, 71.407670589192 51.105125393365, 71.4090697 51.1071949))",5fe07757-bfa0-11e7-90a3-00187620,2060.337020354576
89,115,71.4090088,51.1074962,9795e2b2-bfa0-11e7-90a3-00187620,Контроль ПДД,60,"Скопировать ссылку на точку KZ-01-ID:ASTLU63 Нур-Султан, от просп. Улы Дала в сторону ул. Орынбор Старый номер: KZ-KZ-AST-2056 Дата последних изменений: 2020-09-29 10:47:52 Ограничение скорости: 60 [edit] [copy]",,,,,2093.8470594318615
97,123,71.4316147,51.1084692,f8446f53-bfa1-11e7-90a3-00187620,Контроль ПДД,60,"Скопировать ссылку на точку 01 Астана, ул. Мангилик ели -ул.№24 - Сергек Старый номер: KZ-KZ-AST-2064 Дата последних изменений: 2017-11-02 08:46:43 Ограничение скорости: 60 [edit] [copy]",Контроль ПДД,Polygon,"POLYGON ((71.4316147 51.1084692, 71.431514724369 51.106671711716, 71.430541572133 51.106801581951, 71.4316147 51.1084692))",f8446f53-bfa1-11e7-90a3-00187620,2385.970485842722
98,124,71.4284818,51.1001678,40994cbe-bfa2-11e7-90a3-00187620,Контроль ПДД,60,"Скопировать ссылку на точку 01 Нур-Султан, пр. Мангилик ел/ул. Бухар Жырау - Сергек ASTP57-КРЗ- Старый номер: KZ-KZ-AST-2065 Дата последних изменений: 2020-09-28 10:31:46 Ограничение скорости: 60 [edit] [copy]",Контроль ПДД,Polygon,"POLYGON ((71.4284818 51.1001678, 71.428581757411 51.10196528829, 71.429554734915 51.101835418112, 71.4284818 51.1001678))",40994cbe-bfa2-11e7-90a3-00187620,1477.6064939174794
99,125,71.4284765,51.0996781,4cecea4e-bfa2-11e7-90a3-00187620,Контроль ПДД,60,"Скопировать ссылку на точку 01 Астана, ул. Мангилик ели -ул.№26 - Сергек 01 Нур-Султан, пр. Мангилик ел/ул. Бухар Жырау - Сергек ASTP57-КРЗ- Старый номер: KZ-KZ-AST-2066 Дата последних изменений: 2020-09-28 10:32:04 Ограничение скорости: 60 [edit] [copy]",Контроль ПДД,Polygon,"POLYGON ((71.4284765 51.0996781, 71.42837654338 51.097880611716, 71.427403576201 51.098010481951, 71.4284765 51.0996781))",4cecea4e-bfa2-11e7-90a3-00187620,1432.9898255223573
100,126,71.4058562,51.0987569,78b32ffb-bfa2-11e7-90a3-00187620,Контроль ПДД,60,"Скопировать ссылку на точку 01 Астана, пр. Кабанбай батыра – Улы дала - Сергек Старый номер: KZ-KZ-AST-2067 Дата последних изменений: 2017-11-02 08:50:18 Ограничение скорости: 60 [edit] [copy]",Контроль ПДД,Polygon,"POLYGON ((71.4058562 51.0987569, 71.406055987478 51.100551102691, 71.407021125163 51.100399988323, 71.4058562 51.0987569))",78b32ffb-bfa2-11e7-90a3-00187620,1289.085532873933
101,127,71.4062049,51.0985441,839312ab-bfa2-11e7-90a3-00187620,Контроль ПДД,60,"Скопировать ссылку на точку 01 Астана, пр. Кабанбай батыра – Улы дала - Сергек Старый номер: KZ-KZ-AST-2068 Дата последних изменений: 2017-11-02 08:50:37 Ограничение скорости: 60 [edit] [copy]",Контроль ПДД,Polygon,"POLYGON ((71.4062049 51.0985441, 71.409067220656 51.098481330749, 71.408860415408 51.097870339011, 71.4062049 51.0985441))",839312ab-bfa2-11e7-90a3-00187620,1255.7624854969213
102,128,71.4058777,51.0983077,8fe74f5a-bfa2-11e7-90a3-00187620,Контроль ПДД,60,"Скопировать ссылку на точку 01 Астана, пр. Кабанбай батыра – Улы дала - Сергек Старый номер: KZ-KZ-AST-2069 Дата последних изменений: 2017-11-02 08:50:57 Ограничение скорости: 60 [edit] [copy]",,,,,1247.5676341290673
103,129,71.4055183,51.0984901,9bb9715a-bfa2-11e7-90a3-00187620,Контроль ПДД,60,"Скопировать ссылку на точку 01 Астана, пр. Кабанбай батыра – Улы дала - Сергек Старый номер: KZ-KZ-AST-2070 Дата последних изменений: 2017-11-02 08:51:17 Ограничение скорости: 60 [edit] [copy]",,,,,1278.7790822681143
106,132,71.443099,51.0933351,f5129bbf-dda9-11eb-a44f-001876201992,Контроль ПДД,60,"Скопировать ссылку на точку KZ-01-ID:ASTP350 Нур-Султан, пересечение ул. Улы Дала - ул.Касыма Кайселова Старый номер: KZ-KZ-AST-5853 Дата последних изменений: 2021-07-05 17:59:19 Ограничение скорости: 60 [edit] [copy] Фото 1 из 1 в базе с 2021-07-05 17:59:19:",Контроль ПДД,Polygon,"POLYGON ((71.443099 51.0933351, 71.447384150237 51.093146906327, 71.447023239149 51.092237775624, 71.443099 51.0933351))",f5129bbf-dda9-11eb-a44f-001876201992,1917.8177651767105
107,133,71.4425197,51.0932472,daa8f4ea-dda9-11eb-a44f-001876201992,Контроль ПДД,60,"Скопировать ссылку на точку KZ-01-ID:ASTP350 Нур-Султан, пересечение ул. Улы Дала - ул.Касыма Кайселова Старый номер: KZ-KZ-AST-5852 Дата последних изменений: 2021-07-05 17:58:35 Ограничение скорости: 60 [edit] [copy] Фото 1 из 1 в базе с 2021-07-05 17:58:35:",Контроль ПДД,Polygon,"POLYGON ((71.4425197 51.0932472, 71.438234557936 51.093435393925, 71.438595468474 51.094344524606, 71.4425197 51.0932472))",daa8f4ea-dda9-11eb-a44f-001876201992,1876.1976566074684
108,134,71.4497023,51.0919927,a43738f8-dda9-11eb-a44f-001876201992,Контроль ПДД,60,"Скопировать ссылку на точку KZ-01-ID:ASTP350 Нур-Султан, пересечение ул. Улы Дала - просп. Тауелсиздик Старый номер: KZ-KZ-AST-5851 Дата последних изменений: 2021-07-05 17:57:02 Ограничение скорости: 60 [edit] [copy]",Контроль ПДД,Polygon,"POLYGON ((71.4497023 51.0919927, 71.449552389989 51.089296467574, 71.448093181777 51.089491272926, 71.4497023 51.0919927))",a43738f8-dda9-11eb-a44f-001876201992,2344.372823747841
109,135,71.449595,51.0925602,96d80416-dda9-11eb-a44f-001876201992,Контроль ПДД,60,"Скопировать ссылку на точку KZ-01-ID:ASTP350 Нур-Султан, пересечение ул. Улы Дала - просп. Тауелсиздик Старый номер: KZ-KZ-AST-5850 Дата последних изменений: 2021-07-05 17:56:40 Ограничение скорости: 60 [edit] [copy]",Контроль ПДД,Polygon,"POLYGON ((71.449595 51.0925602, 71.449744911449 51.095256432435, 71.451204137597 51.095061627168, 71.449595 51.0925602))",96d80416-dda9-11eb-a44f-001876201992,2345.9982000014047
110,136,71.4492088,51.0922764,88397976-dda9-11eb-a44f-001876201992,Контроль ПДД,60,"Скопировать ссылку на точку KZ-01-ID:ASTP350 Нур-Султан, пересечение ул. Улы Дала - просп. Тауелсиздик Старый номер: KZ-KZ-AST-5849 Дата последних изменений: 2021-07-05 17:56:15 Ограничение скорости: 60 [edit] [copy]",Контроль ПДД,Polygon,"POLYGON ((71.4492088 51.0922764, 71.444915900967 51.092370554129, 71.445226066929 51.093287041717, 71.4492088 51.0922764))",88397976-dda9-11eb-a44f-001876201992,2314.5725160877096
111,137,71.4500992,51.0923575,765a2681-dda9-11eb-a44f-001876201992,Контроль ПДД,60,"Скопировать ссылку на точку KZ-01-ID:ASTP350 Нур-Султан, пересечение ул. Улы Дала - просп. Тауелсиздик Старый номер: KZ-KZ-AST-5848 Дата последних изменений: 2021-07-05 17:55:46 Ограничение скорости: 60 [edit] [copy] Фото 1 из 1 в базе с 2021-07-05 17:55:46:",Контроль ПДД,Polygon,"POLYGON ((71.4500992 51.0923575, 71.454388836445 51.09221630472, 71.454053250419 51.091303356519, 71.4500992 51.0923575))",765a2681-dda9-11eb-a44f-001876201992,2377.4065946782566
121,148,71.400146,51.0822593,d26d4202-ec83-11ea-9092-001876201992,Контроль ПДД,60,"Скопировать ссылку на точку KZ-01-ID:ASTLU100 Нур-Султан, от просп. Т?ран в сторону ул. Турара Рыскулова Старый номер: KZ-KZ-AST-4040 Дата последних изменений: 2023-08-04 07:45:45 Ограничение скорости: 60 [edit] [copy]",Контроль ПДД,Polygon,"POLYGON ((71.400146 51.0822593, 71.399946162043 51.078664323431, 71.398000960481 51.078924063902, 71.400146 51.0822593))",d26d4202-ec83-11ea-9092-001876201992,1377.0755774491022
122,149,71.4001406,51.0826377,d26d4282-ec83-11ea-9092-001876201992,Контроль ПДД,60,"Скопировать ссылку на точку KZ-01-ID:ASTLU100 Нур-Султан, от просп. Т?ран в сторону ул. Турара Рыскулова Старый номер: KZ-KZ-AST-4041 Дата последних изменений: 2023-08-04 07:46:01 Ограничение скорости: 60 [edit] [copy]",Контроль ПДД,Polygon,"POLYGON ((71.4001406 51.0826377, 71.400290479292 51.085333932435, 71.401749392426 51.085139127168, 71.4001406 51.0826377))",d26d4282-ec83-11ea-9092-001876201992,1354.0828778475732
123,150,71.3931754,51.0948397,d26d5805-ec83-11ea-9092-001876201992,Контроль ПДД,60,"Скопировать ссылку на точку KZ-01-ID:ASTLU127 Нур-Султан, от просп. ?абанбай Батыр в сторону просп. Улы Дала Старый номер: KZ-KZ-AST-4100 Дата последних изменений: 2023-06-28 18:41:15 Ограничение скорости: 60 [edit] [copy]",Контроль ПДД,Polygon,"POLYGON ((71.3931754 51.0948397, 71.392875637364 51.091247461921, 71.390937420896 51.091528489383, 71.3931754 51.0948397))",d26d5805-ec83-11ea-9092-001876201992,1738.2835945904612
124,151,71.392816,51.0944918,d26d58c1-ec83-11ea-9092-001876201992,Контроль ПДД,60,"Скопировать ссылку на точку KZ-01-ID:ASTLU128 Нур-Султан, от просп. Улы Дала в сторону просп. Т?ран Старый номер: KZ-KZ-AST-4102 Дата последних изменений: 2023-06-28 18:41:27 Ограничение скорости: 60 [edit] [copy]",Контроль ПДД,Polygon,"POLYGON ((71.392816 51.0944918, 71.393115759845 51.098084038096, 71.395053961772 51.097803010748, 71.392816 51.0944918))",d26d58c1-ec83-11ea-9092-001876201992,1748.479523202787
125,152,71.4034077,51.0913782,d26d5a22-ec83-11ea-9092-001876201992,Контроль ПДД,60,"Скопировать ссылку на точку KZ-01-ID:ASTLU129 Нур-Султан, от ул. Турара Рыскулова в сторону просп. Улы Дала Старый номер: KZ-KZ-AST-4106 Дата последних изменений: 2020-09-29 09:49:42 Ограничение скорости: 60 [edit] [copy]",Контроль ПДД,Polygon,"POLYGON ((71.4034077 51.0913782, 71.403295297426 51.090031110721, 71.402568520655 51.090136496019, 71.4034077 51.0913782))",d26d5a22-ec83-11ea-9092-001876201992,939.096532836686
132,159,71.4097703,51.0852346,d26d62ed-ec83-11ea-9092-001876201992,Контроль ПДД,60,"Скопировать ссылку на точку KZ-01-ID:ASTLU145 Нур-Султан, от просп. ?абанбай Батыр в сторону просп. Мангилик Ел Старый номер: KZ-KZ-AST-4130 Дата последних изменений: 2020-10-13 16:17:35 Ограничение скорости: 60 [edit] [copy]",Контроль ПДД,Polygon,"POLYGON ((71.4097703 51.0852346, 71.40762581208 51.085305197766, 71.407793579322 51.085761671856, 71.4097703 51.0852346))",d26d62ed-ec83-11ea-9092-001876201992,644.2600109569773
133,160,71.402327,51.0887757,d26d6732-ec83-11ea-9092-001876201992,Контроль ПДД,60,"Скопировать ссылку на точку KZ-01-ID:ASTLU155 Нур-Султан, от просп. Улы Дала в сторону ул. Турара Рыскулова Старый номер: KZ-KZ-AST-4141 Дата последних изменений: 2020-09-29 09:37:34 Ограничение скорости: 60 [edit] [copy]",Контроль ПДД,Polygon,"POLYGON ((71.402327 51.0887757, 71.402476861398 51.090571819048, 71.403445842585 51.090431305374, 71.402327 51.0887757))",d26d6732-ec83-11ea-9092-001876201992,985.7078950135017
134,161,71.4030094,51.0904366,d26d67ef-ec83-11ea-9092-001876201992,Контроль ПДД,60,"Скопировать ссылку на точку KZ-01-ID:ASTLU156 Нур-Султан, от ул. Турара Рыскулова в сторону просп. Улы Дала Старый номер: KZ-KZ-AST-4143 Дата последних изменений: 2020-09-29 10:19:41 Ограничение скорости: 60 [edit] [copy]",Контроль ПДД,Polygon,"POLYGON ((71.4030094 51.0904366, 71.402884479194 51.088189739645, 71.401668513267 51.088352077439, 71.4030094 51.0904366))",d26d67ef-ec83-11ea-9092-001876201992,945.8663520486455
160,190,71.3875269,51.0791963,d26daba8-ec83-11ea-9092-001876201992,Контроль ПДД,60,"Скопировать ссылку на точку KZ-01-ID:ASTLU240 Нур-Султан, от шоссе ?ар?аралы в сторону просп. Улы Дала Старый номер: KZ-KZ-AST-4326 Дата последних изменений: 2023-06-28 18:39:15 Ограничение скорости: 60 [edit] [copy]",Контроль ПДД,Polygon,"POLYGON ((71.3875269 51.0791963, 71.388272597953 51.076539410948, 71.386781202838 51.07653941086, 71.3875269 51.0791963))",d26daba8-ec83-11ea-9092-001876201992,2307.124649639665
163,193,71.4192048,51.0743321,d26dbaca-ec83-11ea-9092-001876201992,Контроль ПДД,60,"Скопировать ссылку на точку KZ-01-ID:ASTLU259 Нур-Султан, от ул. Турара Рыскулова в сторону просп. ?абанбай Батыр Старый номер: KZ-KZ-AST-4366 Дата последних изменений: 2023-07-07 15:58:12 Ограничение скорости: 60 [edit] [copy]",Контроль ПДД,Polygon,"POLYGON ((71.4192048 51.0743321, 71.419354652389 51.077028332435, 71.420813303653 51.076833527168, 71.4192048 51.0743321))",d26dbaca-ec83-11ea-9092-001876201992,1670.1621651152539
164,194,71.4294722,51.102462,d26dbb7b-ec83-11ea-9092-001876201992,Контроль ПДД,60,"Скопировать ссылку на точку KZ-01-ID:ASTLU26 Нур-Султан, от ул. Орынбор в сторону ул. Букар жырау Старый номер: KZ-KZ-AST-4368 Дата последних изменений: 2020-09-28 10:34:17 Ограничение скорости: 60 [edit] [copy]",Контроль ПДД,Polygon,"POLYGON ((71.4294722 51.102462, 71.429372237361 51.100664511716, 71.428399211589 51.100794381951, 71.4294722 51.102462))",d26dbb7b-ec83-11ea-9092-001876201992,1728.8873468472846
166,196,71.4306129,51.1061352,d26dc3ee-ec83-11ea-9092-001876201992,Контроль ПДД,60,"Скопировать ссылку на точку KZ-01-ID:ASTLU27 Нур-Султан, от ул. Букар жырау в сторону ул. Орынбор Старый номер: KZ-KZ-AST-4392 Дата последних изменений: 2020-09-28 10:37:15 Ограничение скорости: 60 [edit] [copy]",Контроль ПДД,Polygon,"POLYGON ((71.4306129 51.1061352, 71.430812719368 51.107929402691, 71.431778011108 51.107778288323, 71.4306129 51.1061352))",d26dc3ee-ec83-11ea-9092-001876201992,2123.073840032685
167,197,71.4151615,51.0971485,d26dd2ae-ec83-11ea-9092-001876201992,Контроль ПДД,60,"Скопировать ссылку на точку KZ-01-ID:ASTLU29 Нур-Султан, от ул. Сауран в сторону ул. А?мешіт Старый номер: KZ-KZ-AST-4433 Дата последних изменений: 2020-10-12 15:13:19 Ограничение скорости: 60 [edit] [copy]",Контроль ПДД,Polygon,"POLYGON ((71.4151615 51.0971485, 71.412301446068 51.097242630355, 71.412525193357 51.097851262475, 71.4151615 51.0971485))",d26dd2ae-ec83-11ea-9092-001876201992,882.6597431731877
172,202,71.4123782,51.1000533,d26de291-ec83-11ea-9092-001876201992,Контроль ПДД,40,"Скопировать ссылку на точку KZ-01-ID:ASTLU305 Нур-Султан, от просп. Улы Дала в сторону ул. Букар жырау Старый номер: KZ-KZ-AST-4471 Дата последних изменений: 2025-08-01 06:43:49 Ограничение скорости: 40 [edit] [copy]",Контроль ПДД,Polygon,"POLYGON ((71.4123782 51.1000533, 71.412178406653 51.098259097321, 71.411213241927 51.098410211746, 71.4123782 51.1000533))",d26de291-ec83-11ea-9092-001876201992,1233.9868615703826
173,204,71.3957341,51.0832035,d26de815-ec83-11ea-9092-001876201992,Контроль ПДД,40,"Скопировать ссылку на точку KZ-01-ID:ASTLU313 Нур-Султан, от просп. ?абанбай Батыр в сторону просп. Т?ран Старый номер: KZ-KZ-AST-4486 Дата последних изменений: 2020-10-13 15:59:50 Ограничение скорости: 40 [edit] [copy]",Контроль ПДД,Polygon,"POLYGON ((71.3957341 51.0832035, 71.400022887543 51.08306230472, 71.399687367929 51.082149356519, 71.3957341 51.0832035))",d26de815-ec83-11ea-9092-001876201992,1593.622758096571
174,205,71.3966589,51.0828823,d26de8ca-ec83-11ea-9092-001876201992,Контроль ПДД,40,"Скопировать ссылку на точку KZ-01-ID:ASTLU314 Нур-Султан, от просп. Т?ран в сторону просп. ?абанбай Батыр Старый номер: KZ-KZ-AST-4488 Дата последних изменений: 2020-10-13 16:00:53 Ограничение скорости: 40 [edit] [copy]",Контроль ПДД,Polygon,"POLYGON ((71.3966589 51.0828823, 71.392370142256 51.083023495532, 71.392705659677 51.083936443713, 71.3966589 51.0828823))",d26de8ca-ec83-11ea-9092-001876201992,1551.2775677486695
175,206,71.4238441,51.1053575,d26deaf9-ec83-11ea-9092-001876201992,Контроль ПДД,60,"Скопировать ссылку на точку KZ-01-ID:ASTLU317 Нур-Султан, от просп. Улы Дала в сторону ул. Орынбор Старый номер: KZ-KZ-AST-4494 Дата последних изменений: 2020-10-13 16:34:42 Ограничение скорости: 60 [edit] [copy]",Контроль ПДД,Polygon,"POLYGON ((71.4238441 51.1053575, 71.423694146649 51.102661267574, 71.422234516565 51.102856072926, 71.4238441 51.1053575))",d26deaf9-ec83-11ea-9092-001876201992,1864.593038094517
180,212,71.4028175,51.0902195,d26e0878-ec83-11ea-9092-001876201992,Контроль ПДД,60,"Скопировать ссылку на точку KZ-01-ID:ASTLU52 Нур-Султан, от ул. Турара Рыскулова в сторону просп. Улы Дала Старый номер: KZ-KZ-AST-4573 Дата последних изменений: 2020-09-29 10:22:24 Ограничение скорости: 60 [edit] [copy]",Контроль ПДД,Polygon,"POLYGON ((71.4028175 51.0902195, 71.403004832596 51.09246464881, 71.404216096892 51.092289006718, 71.4028175 51.0902195))",d26e0878-ec83-11ea-9092-001876201992,956.1201205996626
183,217,71.4101277,51.1101092,d26e1fd3-ec83-11ea-9092-001876201992,Контроль ПДД,60,"Скопировать ссылку на точку KZ-01-ID:ASTLU85 Нур-Султан, от ул. Сы?ана? в сторону ул. Букар жырау Старый номер: KZ-KZ-AST-4638 Дата последних изменений: 2020-09-29 10:53:44 Ограничение скорости: 60 [edit] [copy]",Контроль ПДД,Polygon,"POLYGON ((71.4101277 51.1101092, 71.409940286458 51.107864051201, 71.408728500967 51.108039693365, 71.4101277 51.1101092))",d26e1fd3-ec83-11ea-9092-001876201992,2360.68548311024
187,221,71.3953908,51.1000842,d26e44b5-ec83-11ea-9092-001876201992,Контроль ПДД,60,"Скопировать ссылку на точку 01 Нур-Султан, пр. Туран/пр. Улы Дала - Сергек ASTP144 -КРЗ- Старый номер: KZ-KZ-AST-4737 Дата последних изменений: 2020-09-21 14:44:08 Ограничение скорости: 60 [edit] [copy]",Контроль ПДД,Polygon,"POLYGON ((71.3953908 51.1000842, 71.397535976666 51.10001360236, 71.397368155612 51.09955712826, 71.3953908 51.1000842))",d26e44b5-ec83-11ea-9092-001876201992,1899.4715356336585
195,229,71.4211356,51.0797251,d26e6488-ec83-11ea-9092-001876201992,Контроль ПДД,60,"Скопировать ссылку на точку KZ-01-ID:ASTP190 Нур-Султан, от ул. Хусейн бен Талал в сторону просп. Мангилик Ел Старый номер: KZ-KZ-AST-4823 Дата последних изменений: 2023-07-07 15:57:29 Ограничение скорости: 60 [edit] [copy]",Контроль ПДД,Polygon,"POLYGON ((71.4211356 51.0797251, 71.4213228901 51.08197024881, 71.422533879624 51.081794606718, 71.4211356 51.0797251))",d26e6488-ec83-11ea-9092-001876201992,1109.1572370915803
196,230,71.4211839,51.0792656,d26e64e6-ec83-11ea-9092-001876201992,Контроль ПДД,60,"Скопировать ссылку на точку KZ-01-ID:ASTP190 Нур-Султан, от ул. Хусейн бен Талал в сторону просп. Мангилик Ел Старый номер: KZ-KZ-AST-4824 Дата последних изменений: 2023-07-07 15:57:41 Ограничение скорости: 60 [edit] [copy]",Контроль ПДД,Polygon,"POLYGON ((71.4211839 51.0792656, 71.421123952492 51.078187107029, 71.420540429784 51.078265029171, 71.4211839 51.0792656))",d26e64e6-ec83-11ea-9092-001876201992,1159.0103229901113
197,231,71.4207494,51.0794514,d26e6542-ec83-11ea-9092-001876201992,Контроль ПДД,60,"Скопировать ссылку на точку KZ-01-ID:ASTP190 Нур-Султан, от просп. ?абанбай Батыр в сторону ул. Хусейн бен Талал Старый номер: KZ-KZ-AST-4825 Дата последних изменений: 2020-09-28 09:45:00 Ограничение скорости: 60 [edit] [copy]",Контроль ПДД,Polygon,"POLYGON ((71.4207494 51.0794514, 71.417888260718 51.07951416942, 71.418094980702 51.080125161145, 71.4207494 51.0794514))",d26e6542-ec83-11ea-9092-001876201992,1130.743136069804
198,232,71.4207187,51.0779815,d26e659d-ec83-11ea-9092-001876201992,Контроль ПДД,60,"Скопировать ссылку на точку KZ-01-ID:ASTP191 Нур-Султан, от просп. ?абанбай Батыр в сторону ул. 31 Старый номер: KZ-KZ-AST-4826 Дата последних изменений: 2023-07-07 15:57:51 Ограничение скорости: 60 [edit] [copy]",Контроль ПДД,Polygon,"POLYGON ((71.4207187 51.0779815, 71.42051888052 51.074386523431, 71.41857385881 51.074646263902, 71.4207187 51.0779815))",d26e659d-ec83-11ea-9092-001876201992,1288.4759878110235
199,233,71.4202627,51.0772685,d26e65f6-ec83-11ea-9092-001876201992,Контроль ПДД,60,"Скопировать ссылку на точку KZ-01-ID:ASTP191 Нур-Султан, от просп. ?абанбай Батыр в сторону ул. 31 Старый номер: KZ-KZ-AST-4827 Дата последних изменений: 2023-07-07 15:58:00 Ограничение скорости: 60 [edit] [copy]",Контроль ПДД,Polygon,"POLYGON ((71.4202627 51.0772685, 71.420362607933 51.07906598829, 71.421335103821 51.078936118112, 71.4202627 51.0772685))",d26e65f6-ec83-11ea-9092-001876201992,1359.0525958633157
203,237,71.4066897,51.0856604,d26e76d9-ec83-11ea-9092-001876201992,Контроль ПДД,60,"Скопировать ссылку на точку KZ-01-ID:ASTP212 Нур-Султан, от ул. Абая в сторону ул. Абая Старый номер: KZ-KZ-AST-4873 Дата последних изменений: 2020-10-13 16:06:35 Ограничение скорости: 60 [edit] [copy]",Контроль ПДД,Polygon,"POLYGON ((71.4066897 51.0856604, 71.403830356453 51.085754530355, 71.404054048167 51.086363162475, 71.4066897 51.0856604))",d26e76d9-ec83-11ea-9092-001876201992,788.158527732726
204,238,71.4121427,51.0849561,d26e7734-ec83-11ea-9092-001876201992,Контроль ПДД,60,"Скопировать ссылку на точку KZ-01-ID:ASTP213 Нур-Султан, от просп. Мангилик Ел в сторону просп. ?абанбай Батыр Старый номер: KZ-KZ-AST-4874 Дата последних изменений: 2020-10-13 16:21:06 Ограничение скорости: 60 [edit] [copy]",Контроль ПДД,Polygon,"POLYGON ((71.4121427 51.0849561, 71.414287175019 51.08488550236, 71.414119408855 51.08442902826, 71.4121427 51.0849561))",d26e7734-ec83-11ea-9092-001876201992,563.2231635187643
205,239,71.4118637,51.0851757,d26e778c-ec83-11ea-9092-001876201992,Контроль ПДД,60,"Скопировать ссылку на точку KZ-01-ID:ASTP213 Нур-Султан, от проезд 23 в сторону просп. Абылай хана Старый номер: KZ-KZ-AST-4875 Дата последних изменений: 2020-10-13 16:21:36 Ограничение скорости: 60 [edit] [copy]",Контроль ПДД,Polygon,"POLYGON ((71.4118637 51.0851757, 71.411938643758 51.086523816218, 71.412668140348 51.086426413584, 71.4118637 51.0851757))",d26e778c-ec83-11ea-9092-001876201992,553.6440668365221
206,240,71.4114882,51.0849865,d26e77fb-ec83-11ea-9092-001876201992,Контроль ПДД,60,"Скопировать ссылку на точку KZ-01-ID:ASTP213 Нур-Султан, от ул. Турара Рыскулова в сторону ул. Турара Рыскулова Старый номер: KZ-KZ-AST-4876 Дата последних изменений: 2020-10-13 16:18:34 Ограничение скорости: 60 [edit] [copy]",Контроль ПДД,Polygon,"POLYGON ((71.4114882 51.0849865, 71.409343723583 51.085057097766, 71.409511489924 51.085513571856, 71.4114882 51.0849865))",d26e77fb-ec83-11ea-9092-001876201992,586.0100641593405
216,250,71.4117499,51.0977674,d26ed1cd-ec83-11ea-9092-001876201992,Контроль ПДД,60,"Скопировать ссылку на точку KZ-01-ID:ASTP264-КРЗ- Нур-Султан, от ул. А?мешіт в сторону просп. ?абанбай Батыр Старый номер: KZ-KZ-AST-4957 Дата последних изменений: 2020-10-12 15:08:22 Ограничение скорости: 60 [edit] [copy]",Контроль ПДД,Polygon,"POLYGON ((71.4117499 51.0977674, 71.413896604429 51.097720323061, 71.413741503099 51.097262079259, 71.4117499 51.0977674))",d26ed1cd-ec83-11ea-9092-001876201992,1001.6740891305815
217,251,71.4110525,51.0977269,d26ed226-ec83-11ea-9092-001876201992,Контроль ПДД,60,"Скопировать ссылку на точку KZ-01-ID:ASTP264-КРЗ- Нур-Султан, от ул. А?мешіт в сторону просп. ?абанбай Батыр Старый номер: KZ-KZ-AST-4958 Дата последних изменений: 2020-10-12 15:09:12 Ограничение скорости: 60 [edit] [copy]",Контроль ПДД,Polygon,"POLYGON ((71.4110525 51.0977269, 71.408192410289 51.097821030355, 71.408416160378 51.098429662475, 71.4110525 51.0977269))",d26ed226-ec83-11ea-9092-001876201992,1014.3873957920624
218,252,71.4165244,51.0969458,d26ed283-ec83-11ea-9092-001876201992,Контроль ПДД,60,"Скопировать ссылку на точку KZ-01-ID:ASTP265-КРЗ- Нур-Султан, от ул. Букар жырау в сторону ул. Т?ркістан Старый номер: KZ-KZ-AST-4959 Дата последних изменений: 2020-10-12 15:16:54 Ограничение скорости: 60 [edit] [copy]",Контроль ПДД,Polygon,"POLYGON ((71.4165244 51.0969458, 71.414379368955 51.097016397766, 71.414547178686 51.097472871856, 71.4165244 51.0969458))",d26ed283-ec83-11ea-9092-001876201992,855.7649758074236
219,253,71.4168623,51.0966621,d26ed2d7-ec83-11ea-9092-001876201992,Контроль ПДД,60,"Скопировать ссылку на точку KZ-01-ID:ASTP265 Нур-Султан, от ул. Т?ркістан в сторону ул. Букар жырау Старый номер: KZ-KZ-AST-4960 Дата последних изменений: 2020-10-12 15:18:32 Ограничение скорости: 60 [edit] [copy]",Контроль ПДД,Polygon,"POLYGON ((71.4168623 51.0966621, 71.416749884581 51.095315010721, 71.416023024759 51.095420396019, 71.4168623 51.0966621))",d26ed2d7-ec83-11ea-9092-001876201992,824.7665387579941
220,254,71.4172164,51.0969863,d26ed32d-ec83-11ea-9092-001876201992,Контроль ПДД,60,"Скопировать ссылку на точку KZ-01-ID:ASTP265 Нур-Султан, от ул. Букар жырау в сторону ул. Т?ркістан Старый номер: KZ-KZ-AST-4961 Дата последних изменений: 2020-10-12 15:17:53 Ограничение скорости: 60 [edit] [copy]",Контроль ПДД,Polygon,"POLYGON ((71.4172164 51.0969863, 71.419361432935 51.09691570236, 71.419193623124 51.09645922826, 71.4172164 51.0969863))",d26ed32d-ec83-11ea-9092-001876201992,862.0334026612801
221,255,71.4205215,51.0967785,d26ed404-ec83-11ea-9092-001876201992,Контроль ПДД,60,"Скопировать ссылку на точку KZ-01-ID:ASTP266 Нур-Султан, от ул. Букар жырау в сторону ул. Турара Рыскулова Старый номер: KZ-KZ-AST-4962 Дата последних изменений: 2020-10-12 15:22:15 Ограничение скорости: 60 [edit] [copy]",Контроль ПДД,Polygon,"POLYGON ((71.4205215 51.0967785, 71.420633915501 51.098125589286, 71.421360777169 51.098020204031, 71.4205215 51.0967785))",d26ed404-ec83-11ea-9092-001876201992,884.7789696973872
222,256,71.4205806,51.0961772,d26ed463-ec83-11ea-9092-001876201992,Контроль ПДД,60,"Скопировать ссылку на точку KZ-01-ID:ASTP266 Нур-Султан, от ул. Турара Рыскулова в сторону ул. Букар жырау Старый номер: KZ-KZ-AST-4963 Дата последних изменений: 2020-10-12 15:23:01 Ограничение скорости: 60 [edit] [copy]",Контроль ПДД,Polygon,"POLYGON ((71.4205806 51.0961772, 71.420430767551 51.094831547991, 71.41970695469 51.094944883809, 71.4205806 51.0961772))",d26ed463-ec83-11ea-9092-001876201992,823.2515905548173
223,257,71.420146,51.0964407,d26ed4ba-ec83-11ea-9092-001876201992,Контроль ПДД,60,"Скопировать ссылку на точку KZ-01-ID:ASTP266 Нур-Султан, от просп. ?абанбай Батыр в сторону просп. Мангилик Ел Старый номер: KZ-KZ-AST-4964 Дата последних изменений: 2020-10-12 15:21:12 Ограничение скорости: 60 [edit] [copy]",Контроль ПДД,Polygon,"POLYGON ((71.420146 51.0964407, 71.418000992387 51.096511297766, 71.418168800285 51.096967771856, 71.420146 51.0964407))",d26ed4ba-ec83-11ea-9092-001876201992,840.846005681568
224,258,71.4209507,51.0964576,d26ed514-ec83-11ea-9092-001876201992,Контроль ПДД,60,"Скопировать ссылку на точку KZ-01-ID:ASTP266 Нур-Султан, от просп. Мангилик Ел в сторону просп. ?абанбай Батыр Старый номер: KZ-KZ-AST-4965 Дата последних изменений: 2020-10-12 15:20:08 Ограничение скорости: 60 [edit] [copy]",Контроль ПДД,Polygon,"POLYGON ((71.4209507 51.0964576, 71.423095708407 51.09638700236, 71.422927900516 51.09593052826, 71.4209507 51.0964576))",d26ed514-ec83-11ea-9092-001876201992,861.6470670321072
226,260,71.4237523,51.0870501,d26eea51-ec83-11ea-9092-001876201992,Контроль ПДД,60,"Скопировать ссылку на точку KZ-01-ID:ASTP307 Нур-Султан, от ул. Турара Рыскулова в сторону просп. Улы Дала Старый номер: KZ-KZ-AST-5022 Дата последних изменений: 2023-07-07 15:55:28 Ограничение скорости: 60 [edit] [copy]",Контроль ПДД,Polygon,"POLYGON ((71.4237523 51.0870501, 71.423939619759 51.08929524881, 71.425150801054 51.089119606718, 71.4237523 51.0870501))",d26eea51-ec83-11ea-9092-001876201992,567.5414817573144
227,261,71.4237898,51.0865197,d26eeac4-ec83-11ea-9092-001876201992,Контроль ПДД,60,"Скопировать ссылку на точку KZ-01-ID:ASTP307 Нур-Султан, от ул. Турара Рыскулова в сторону просп. Улы Дала Старый номер: KZ-KZ-AST-5023 Дата последних изменений: 2023-07-07 15:55:40 Ограничение скорости: 60 [edit] [copy]",Контроль ПДД,Polygon,"POLYGON ((71.4237898 51.0865197, 71.423602482055 51.084274551201, 71.422391314674 51.084450193365, 71.4237898 51.0865197))",d26eeac4-ec83-11ea-9092-001876201992,597.6021040769207
231,265,71.4216253,51.1103381,d26efa79-ec83-11ea-9092-001876201992,Контроль ПДД,60,"Скопировать ссылку на точку KZ-01-ID:ASTP342 Нур-Султан, от ул. А?мешіт в сторону ул. Т?ркістан Старый номер: KZ-KZ-AST-5066 Дата последних изменений: 2020-10-13 16:35:47 Ограничение скорости: 60 [edit] [copy]",Контроль ПДД,Polygon,"POLYGON ((71.4216253 51.1103381, 71.421700284555 51.111686216218, 71.422430178261 51.111588813584, 71.4216253 51.1103381))",d26efa79-ec83-11ea-9092-001876201992,2372.8921579063194
232,266,71.4213141,51.1101085,d26efb1c-ec83-11ea-9092-001876201992,Контроль ПДД,60,"Скопировать ссылку на точку KZ-01-ID:ASTP342 Нур-Султан, от ул. Т?ркістан в сторону просп. ?абанбай Батыр Старый номер: KZ-KZ-AST-5068 Дата последних изменений: 2020-10-13 16:37:05 Ограничение скорости: 60 [edit] [copy]",Контроль ПДД,Polygon,"POLYGON ((71.4213141 51.1101085, 71.418451063175 51.11017126942, 71.418657920258 51.110782261145, 71.4213141 51.1101085))",d26efb1c-ec83-11ea-9092-001876201992,2344.400490656657
233,267,71.4218935,51.1101321,d26efb73-ec83-11ea-9092-001876201992,Контроль ПДД,60,"Скопировать ссылку на точку KZ-01-ID:ASTP342 Нур-Султан, от ул. Т?ркістан в сторону ул. А?мешіт Старый номер: KZ-KZ-AST-5069 Дата последних изменений: 2020-10-13 16:36:37 Ограничение скорости: 60 [edit] [copy]",Контроль ПДД,Polygon,"POLYGON ((71.4218935 51.1101321, 71.42403685375 51.110038003163, 71.423856332627 51.109583437812, 71.4218935 51.1101321))",d26efb73-ec83-11ea-9092-001876201992,2353.228027818547
234,268,71.429982,51.0950265,d26efd21-ec83-11ea-9092-001876201992,Контроль ПДД,60,"Скопировать ссылку на точку KZ-01-ID:ASTP350-КРЗ- Нур-Султан, от просп. Мангилик Ел в сторону просп. Улы Дала Старый номер: KZ-KZ-AST-5074 Дата последних изменений: 2020-10-12 15:26:22 Ограничение скорости: 60 [edit] [copy]",Контроль ПДД,Polygon,"POLYGON ((71.429982 51.0950265, 71.427839346524 51.095120596963, 71.428019808737 51.095575162303, 71.429982 51.0950265))",d26efd21-ec83-11ea-9092-001876201992,1144.402090925013
235,269,71.4306848,51.095067,d26efdc5-ec83-11ea-9092-001876201992,Контроль ПДД,60,"Скопировать ссылку на точку KZ-01-ID:ASTP350 Нур-Султан, от ул. Ш??герей Б?кеев в сторону ул. Ш??герей Б?кеев Старый номер: KZ-KZ-AST-5076 Дата последних изменений: 2020-10-12 15:25:33 Ограничение скорости: 60 [edit] [copy]",Контроль ПДД,Polygon,"POLYGON ((71.4306848 51.095067, 71.433544725198 51.094972869813, 71.433320988072 51.09436423768, 71.4306848 51.095067))",d26efdc5-ec83-11ea-9092-001876201992,1187.790360279496
237,273,71.4015679,51.0862284,d26f0432-ec83-11ea-9092-001876201992,Контроль ПДД,60,"Скопировать ссылку на точку KZ-01-ID:ASTP37 Нур-Султан, от ул. 31 в сторону просп. Улы Дала Старый номер: KZ-KZ-AST-5094 Дата последних изменений: 2020-09-29 09:35:22 Ограничение скорости: 60 [edit] [copy]",Контроль ПДД,Polygon,"POLYGON ((71.4015679 51.0862284, 71.401467972448 51.084430911716, 71.40049528821 51.084560781951, 71.4015679 51.0862284))",d26f0432-ec83-11ea-9092-001876201992,1090.3971803650684
238,274,71.4073264,51.1027032,d26f05f1-ec83-11ea-9092-001876201992,Контроль ПДД,60,"Скопировать ссылку на точку KZ-01-ID:ASTP374 Нур-Султан, от ул. Орынбор в сторону просп. Улы Дала Старый номер: KZ-KZ-AST-5099 Дата последних изменений: 2020-09-29 10:37:54 Ограничение скорости: 60 [edit] [copy]",Контроль ПДД,Polygon,"POLYGON ((71.4073264 51.1027032, 71.407551259816 51.105397378572, 71.40900516946 51.105186608061, 71.4073264 51.1027032))",d26f05f1-ec83-11ea-9092-001876201992,1625.1337129893568
242,278,71.4112195,51.0895006,d26f0748-ec83-11ea-9092-001876201992,Контроль ПДД,40,"Скопировать ссылку на точку KZ-01-ID:ASTP378 Нур-Султан, от ул. Ш?ймерден ?осшы??л?лы в сторону переул. Косой Старый номер: KZ-KZ-AST-5103 Дата последних изменений: 2020-10-13 16:27:49 Ограничение скорости: 40 [edit] [copy]",Контроль ПДД,Polygon,"POLYGON ((71.4112195 51.0895006, 71.411618022366 51.09128168028, 71.412563833786 51.091088655519, 71.4112195 51.0895006))",d26f0748-ec83-11ea-9092-001876201992,364.282485589116
243,279,71.4113643,51.0895174,d26f079c-ec83-11ea-9092-001876201992,Контроль ПДД,40,"Скопировать ссылку на точку KZ-01-ID:ASTP378 Нур-Султан, от просп. Мангилик Ел в сторону просп. Улы Дала Старый номер: KZ-KZ-AST-5104 Дата последних изменений: 2020-10-13 16:30:01 Ограничение скорости: 40 [edit] [copy]",Контроль ПДД,Polygon,"POLYGON ((71.4113643 51.0895174, 71.412619579234 51.087900843685, 71.411663618705 51.087728668956, 71.4113643 51.0895174))",d26f079c-ec83-11ea-9092-001876201992,354.3515831252002
244,280,71.3892135,51.0837258,d26f08cc-ec83-11ea-9092-001876201992,Контроль ПДД,60,"Скопировать ссылку на точку KZ-01-ID:ASTP38 Нур-Султан, от просп. Улы Дала в сторону просп. ?абанбай Батыр Старый номер: KZ-KZ-AST-5107 Дата последних изменений: 2023-06-28 18:39:49 Ограничение скорости: 60 [edit] [copy]",Контроль ПДД,Polygon,"POLYGON ((71.3892135 51.0837258, 71.389063654695 51.081929680961, 71.388094779312 51.082070194692, 71.3892135 51.0837258))",d26f08cc-ec83-11ea-9092-001876201992,1997.0980096633202
245,281,71.3896212,51.0840806,d26f0924-ec83-11ea-9092-001876201992,Контроль ПДД,40,"Скопировать ссылку на точку KZ-01-ID:ASTP38 Нур-Султан, от просп. ?абанбай Батыр в сторону просп. ?абанбай Батыр Старый номер: KZ-KZ-AST-5108 Дата последних изменений: 2020-09-18 16:57:23 Ограничение скорости: 40 [edit] [copy]",Контроль ПДД,Polygon,"POLYGON ((71.3896212 51.0840806, 71.393195257385 51.083962937267, 71.392915652405 51.0832021471, 71.3896212 51.0840806))",d26f0924-ec83-11ea-9092-001876201992,1958.0720808004276
246,282,71.3891759,51.084361,d26f098e-ec83-11ea-9092-001876201992,Контроль ПДД,60,"Скопировать ссылку на точку KZ-01-ID:ASTP38-КРЗ- Нур-Султан, от просп. Улы Дала в сторону просп. ?абанбай Батыр Старый номер: KZ-KZ-AST-5109 Дата последних изменений: 2023-06-28 18:40:04 Ограничение скорости: 60 [edit] [copy]",Контроль ПДД,Polygon,"POLYGON ((71.3891759 51.084361, 71.389363208869 51.08660614881, 71.390574319754 51.086430506718, 71.3891759 51.084361))",d26f098e-ec83-11ea-9092-001876201992,1979.0289344497774
247,283,71.4046224,51.0947361,d26f0a2c-ec83-11ea-9092-001876201992,Контроль ПДД,60,"Скопировать ссылку на точку KZ-01-ID:ASTP382 Нур-Султан, от ул. Турара Рыскулова в сторону просп. ?абанбай Батыр Старый номер: KZ-KZ-AST-5110 Дата последних изменений: 2020-09-29 10:31:27 Ограничение скорости: 60 [edit] [copy]",Контроль ПДД,Polygon,"POLYGON ((71.4046224 51.0947361, 71.404397578527 51.092041921441, 71.402943919433 51.092252692037, 71.4046224 51.0947361))",d26f0a2c-ec83-11ea-9092-001876201992,1025.1758525613109
248,284,71.4043757,51.0945334,d26f0b68-ec83-11ea-9092-001876201992,Контроль ПДД,60,"Скопировать ссылку на точку KZ-01-ID:ASTP382 Нур-Султан, от просп. Улы Дала в сторону просп. ?абанбай Батыр Старый номер: KZ-KZ-AST-5113 Дата последних изменений: 2020-09-29 10:30:28 Ограничение скорости: 60 [edit] [copy]",Контроль ПДД,Polygon,"POLYGON ((71.4043757 51.0945334, 71.404600520086 51.097227578572, 71.406054172839 51.097016808061, 71.4043757 51.0945334))",d26f0b68-ec83-11ea-9092-001876201992,1026.004629898965
255,291,71.4281358,51.0999444,d26f2227-ec83-11ea-9092-001876201992,Контроль ПДД,60,"Скопировать ссылку на точку KZ-01-ID:ASTP57-КРЗ- Нур-Султан, от ул. Т?ркістан в сторону ул. Алихан Бокейхан Старый номер: KZ-KZ-AST-5176 Дата последних изменений: 2020-09-28 10:30:04 Ограничение скорости: 60 [edit] [copy]",Контроль ПДД,Polygon,"POLYGON ((71.4281358 51.0999444, 71.425990629831 51.100014997766, 71.426158450446 51.100471471856, 71.4281358 51.0999444))",d26f2227-ec83-11ea-9092-001876201992,1443.435252630588
256,292,71.4287903,51.099914,d26f2284-ec83-11ea-9092-001876201992,Контроль ПДД,60,"Скопировать ссылку на точку KZ-01-ID:ASTP57-КРЗ- Нур-Султан, от ул. Т?ркістан в сторону ул. Алихан Бокейхан Старый номер: KZ-KZ-AST-5177 Дата последних изменений: 2020-09-28 10:30:39 Ограничение скорости: 60 [edit] [copy]",Контроль ПДД,Polygon,"POLYGON ((71.4287903 51.099914, 71.430935468769 51.09984340236, 71.430767648332 51.09938692826, 71.4287903 51.099914))",d26f2284-ec83-11ea-9092-001876201992,1467.0917323622118
257,293,71.4166203,51.0842529,d26f2fd3-ec83-11ea-9092-001876201992,Контроль ПДД,60,"Скопировать ссылку на точку KZ-01-ID:ASTP78 Нур-Султан, от просп. ?абанбай Батыр в сторону просп. Мангилик Ел Старый номер: KZ-KZ-AST-5215 Дата последних изменений: 2020-10-13 16:22:43 Ограничение скорости: 60 [edit] [copy]",Контроль ПДД,Polygon,"POLYGON ((71.4166203 51.0842529, 71.413761043456 51.084347030355, 71.413984728364 51.084955662475, 71.4166203 51.0842529))",d26f2fd3-ec83-11ea-9092-001876201992,555.8282629508136
258,294,71.4172157,51.0842326,d26f307a-ec83-11ea-9092-001876201992,Контроль ПДД,60,"Скопировать ссылку на точку KZ-01-ID:ASTP78 Нур-Султан, от ул. Турара Рыскулова в сторону ул. Турара Рыскулова Старый номер: KZ-KZ-AST-5216 Дата последних изменений: 2020-10-13 16:23:03 Ограничение скорости: 60 [edit] [copy]",Контроль ПДД,Polygon,"POLYGON ((71.4172157 51.0842326, 71.420074955303 51.084138469813, 71.419851270584 51.08352983768, 71.4172157 51.0842326))",d26f307a-ec83-11ea-9092-001876201992,560.6707578693816
260,296,71.4215701,51.0795291,8e86e84c-015e-11eb-9092-001876201992,Контроль ПДД,60,"Скопировать ссылку на точку KZ-01-ID:ASTP190 Нур-Султан, от просп. ?абанбай Батыр в сторону ул. Хусейн бен Талал Старый номер: KZ-KZ-AST-5282 Дата последних изменений: 2020-09-28 09:45:19 Ограничение скорости: 60 [edit] [copy]",Контроль ПДД,Polygon,"POLYGON ((71.4215701 51.0795291, 71.424431244097 51.079466330749, 71.424224523856 51.078855339011, 71.4215701 51.0795291))",8e86e84c-015e-11eb-9092-001876201992,1139.2037481452285
261,297,71.422525,51.0836379,07e57c12-015f-11eb-9092-001876201992,Контроль ПДД,60,"Скопировать ссылку на точку KZ-01 Нур-Султан, пр. Мангилик Ел/ул. Т. Рыскулова - Сергек Старый номер: KZ-KZ-AST-5283 Дата последних изменений: 2023-07-07 15:55:51 Ограничение скорости: 60 [edit] [copy]",Контроль ПДД,Polygon,"POLYGON ((71.422525 51.0836379, 71.422674844753 51.085434019048, 71.423643718315 51.085293505374, 71.422525 51.0836379))",07e57c12-015f-11eb-9092-001876201992,755.8119030654262
262,298,71.4226108,51.0832291,1593b7dd-015f-11eb-9092-001876201992,Контроль ПДД,60,"Скопировать ссылку на точку KZ-01 Нур-Султан, пр. Мангилик Ел/ул. Т. Рыскулова - Сергек Старый номер: KZ-KZ-AST-5284 Дата последних изменений: 2023-07-07 15:57:03 Ограничение скорости: 60 [edit] [copy]",Контроль ПДД,Polygon,"POLYGON ((71.4226108 51.0832291, 71.422460956304 51.081432980961, 71.421492091324 51.081573494692, 71.4226108 51.0832291))",1593b7dd-015f-11eb-9092-001876201992,796.9939991011219
263,299,71.4222299,51.0834352,da3064a7-015f-11eb-9092-001876201992,Контроль ПДД,60,"Скопировать ссылку на точку KZ-01 Нур-Султан, пр. Мангилик Ел/ул. Т. Рыскулова - Сергек Старый номер: KZ-KZ-AST-5285 Дата последних изменений: 2020-09-28 09:54:35 Ограничение скорости: 60 [edit] [copy]",Контроль ПДД,Polygon,"POLYGON ((71.4222299 51.0834352, 71.420085495498 51.083505797766, 71.420253256214 51.083962271856, 71.4222299 51.0834352))",da3064a7-015f-11eb-9092-001876201992,763.3724461501347
264,300,71.4229702,51.0834149,e392b9fb-015f-11eb-9092-001876201992,Контроль ПДД,60,"Скопировать ссылку на точку KZ-01 Нур-Султан, пр. Мангилик Ел/ул. Т. Рыскулова - Сергек Старый номер: KZ-KZ-AST-5286 Дата последних изменений: 2020-09-28 09:54:51 Ограничение скорости: 60 [edit] [copy]",Контроль ПДД,Polygon,"POLYGON ((71.4229702 51.0834149, 71.425114603571 51.08334430236, 71.424946842997 51.08288782826, 71.4229702 51.0834149))",e392b9fb-015f-11eb-9092-001876201992,793.915409692301
265,301,71.4241761,51.086719,5b5ff50a-0161-11eb-9092-001876201992,Контроль ПДД,60,"Скопировать ссылку на точку KZ-01-ID:ASTP307 Нур-Султан, от ул. Турара Рыскулова в сторону просп. Улы Дала Старый номер: KZ-KZ-AST-5287 Дата последних изменений: 2020-09-28 10:05:22 Ограничение скорости: 60 [edit] [copy]",Контроль ПДД,Polygon,"POLYGON ((71.4241761 51.086719, 71.426322291617 51.086671923061, 71.426167227338 51.086213679259, 71.4241761 51.086719))",5b5ff50a-0161-11eb-9092-001876201992,610.464133767922
266,302,71.4257123,51.0911523,3338c19c-0162-11eb-9092-001876201992,Контроль ПДД,60,"Скопировать ссылку на точку KZ-01 Нур-Султан, пр. Мангилик Ел/ул. А. Кекилбайулы - Сергек Старый номер: KZ-KZ-AST-5288 Дата последних изменений: 2020-09-28 10:11:24 Ограничение скорости: 60 [edit] [copy]",Контроль ПДД,Polygon,"POLYGON ((71.4257123 51.0911523, 71.427857062327 51.09108170236, 71.427689273687 51.09062522826, 71.4257123 51.0911523))",3338c19c-0162-11eb-9092-001876201992,682.5863849087183
267,303,71.4248969,51.0911861,3ec2e8b4-0162-11eb-9092-001876201992,Контроль ПДД,60,"Скопировать ссылку на точку KZ-01 Нур-Султан, пр. Мангилик Ел/ул. А. Кекилбайулы - Сергек Старый номер: KZ-KZ-AST-5289 Дата последних изменений: 2020-09-28 10:11:43 Ограничение скорости: 60 [edit] [copy]",Контроль ПДД,Polygon,"POLYGON ((71.4248969 51.0911861, 71.42346705741 51.091233165177, 71.423578916631 51.091537481238, 71.4248969 51.0911861))",3ec2e8b4-0162-11eb-9092-001876201992,629.9633767229319
268,304,71.4253636,51.0909125,5241eb8a-0162-11eb-9092-001876201992,Контроль ПДД,60,"Скопировать ссылку на точку KZ-01 Нур-Султан, пр. Мангилик Ел/ул. А. Кекилбайулы - Сергек Старый номер: KZ-KZ-AST-5290 Дата последних изменений: 2023-07-07 15:55:18 Ограничение скорости: 60 [edit] [copy]",Контроль ПДД,Polygon,"POLYGON ((71.4253636 51.0909125, 71.425176264263 51.088667351201, 71.423964981842 51.088842993365, 71.4253636 51.0909125))",5241eb8a-0162-11eb-9092-001876201992,651.4135308740312
269,305,71.4252831,51.0914023,5e0f6b1a-0162-11eb-9092-001876201992,Контроль ПДД,60,"Скопировать ссылку на точку KZ-01 Нур-Султан, пр. Мангилик Ел/ул. А. Кекилбайулы - Сергек Старый номер: KZ-KZ-AST-5291 Дата последних изменений: 2023-07-07 15:55:05 Ограничение скорости: 60 [edit] [copy]",Контроль ПДД,Polygon,"POLYGON ((71.4252831 51.0914023, 71.425470437387 51.09364744881, 71.426681732663 51.093471806718, 71.4252831 51.0914023))",5e0f6b1a-0162-11eb-9092-001876201992,663.6611131053844
272,308,71.4015357,51.0866338,661a346d-0226-11eb-9092-001876201992,Контроль ПДД,60,"Скопировать ссылку на точку KZ-01-ID:ASTP37 Нур-Султан, от ул. 31 в сторону просп. Улы Дала Старый номер: KZ-KZ-AST-5298 Дата последних изменений: 2020-09-29 09:35:50 Ограничение скорости: 60 [edit] [copy]",Контроль ПДД,Polygon,"POLYGON ((71.4015357 51.0866338, 71.401685554458 51.088429919048, 71.402654490774 51.088289405374, 71.4015357 51.0866338))",661a346d-0226-11eb-9092-001876201992,1079.522182140981
273,309,71.4019219,51.0864074,70fde18e-0226-11eb-9092-001876201992,Контроль ПДД,60,"Скопировать ссылку на точку KZ-01-ID:ASTP37 Нур-Султан, от ул. 31 в сторону просп. Улы Дала Старый номер: KZ-KZ-AST-5299 Дата последних изменений: 2020-09-29 09:36:09 Ограничение скорости: 60 [edit] [copy]",Контроль ПДД,Polygon,"POLYGON ((71.4019219 51.0864074, 71.404066442304 51.08633680236, 71.403898670877 51.08588032826, 71.4019219 51.0864074))",70fde18e-0226-11eb-9092-001876201992,1060.8006126372711
274,310,71.4075356,51.1029058,2fea7dbb-022f-11eb-9092-001876201992,Контроль ПДД,60,"Скопировать ссылку на точку KZ-01-ID:ASTP374 Нур-Султан, от ул. Орынбор в сторону просп. Улы Дала Старый номер: KZ-KZ-AST-5300 Дата последних изменений: 2020-09-29 10:38:45 Ограничение скорости: 60 [edit] [copy]",Контроль ПДД,Polygon,"POLYGON ((71.4075356 51.1029058, 71.407310738797 51.100211621441, 71.405856822812 51.100422392037, 71.4075356 51.1029058))",2fea7dbb-022f-11eb-9092-001876201992,1640.312612264003
278,314,71.4114763,51.0979701,4d38a2ec-0c8c-11eb-9092-001876201992,Контроль ПДД,60,"Скопировать ссылку на точку KZ-01-ID:ASTP264-КРЗ- Нур-Султан, от ул. А?мешіт в сторону просп. ?абанбай Батыр Старый номер: KZ-KZ-AST-5420 Дата последних изменений: 2020-10-12 15:10:29 Ограничение скорости: 60 [edit] [copy]",Контроль ПДД,Polygon,"POLYGON ((71.4114763 51.0979701, 71.411551264495 51.099318216218, 71.412280962936 51.099220813584, 71.4114763 51.0979701))",4d38a2ec-0c8c-11eb-9092-001876201992,1029.2619864300918
279,315,71.4114602,51.097504,5b39d4fe-0c8c-11eb-9092-001876201992,Контроль ПДД,60,"Скопировать ссылку на точку KZ-01-ID:ASTP264-КРЗ- Нур-Султан, от ул. А?мешіт в сторону просп. ?абанбай Батыр Старый номер: KZ-KZ-AST-5421 Дата последних изменений: 2020-10-12 15:10:53 Ограничение скорости: 60 [edit] [copy]",Контроль ПДД,Polygon,"POLYGON ((71.4114602 51.097504, 71.41138523606 51.096155883787, 71.41065554499 51.096253286463, 71.4114602 51.097504))",5b39d4fe-0c8c-11eb-9092-001876201992,980.9878902430622
280,316,71.4168838,51.097216,78121aad-0c8d-11eb-9092-001876201992,Контроль ПДД,60,"Скопировать ссылку на точку KZ-01-ID:ASTP265 Нур-Султан, от ул. Т?ркістан в сторону ул. Букар жырау Старый номер: KZ-KZ-AST-5422 Дата последних изменений: 2020-10-12 15:18:50 Ограничение скорости: 60 [edit] [copy]",Контроль ПДД,Polygon,"POLYGON ((71.4168838 51.097216, 71.416996216565 51.098563089286, 71.41772308511 51.098457704031, 71.4168838 51.097216))",78121aad-0c8d-11eb-9092-001876201992,886.3707920023656
301,337,71.4075534,51.0856131,5aca1d96-0d5d-11eb-9092-001876201992,Контроль ПДД,60,"Скопировать ссылку на точку KZ-01-ID:ASTP212 Нур-Султан, от ул. Абая в сторону ул. Абая Старый номер: KZ-KZ-AST-5457 Дата последних изменений: 2020-10-13 16:06:57 Ограничение скорости: 60 [edit] [copy]",Контроль ПДД,Polygon,"POLYGON ((71.4075534 51.0856131, 71.410412740637 51.085518969813, 71.410189049242 51.08491033768, 71.4075534 51.0856131))",5aca1d96-0d5d-11eb-9092-001876201992,739.6375094135926
302,338,71.4071296,51.0854408,65a053b8-0d5d-11eb-9092-001876201992,Контроль ПДД,60,"Скопировать ссылку на точку KZ-01-ID:ASTP212 Нур-Султан, от ул. Абая в сторону ул. Абая Старый номер: KZ-KZ-AST-5458 Дата последних изменений: 2020-10-13 16:07:15 Ограничение скорости: 60 [edit] [copy]",Контроль ПДД,Polygon,"POLYGON ((71.4071296 51.0854408, 71.407017211854 51.084093710721, 71.406290528376 51.084199096019, 71.4071296 51.0854408))",65a053b8-0d5d-11eb-9092-001876201992,774.8979747329585
303,339,71.4070813,51.0858598,767f67e1-0d5d-11eb-9092-001876201992,Контроль ПДД,60,"Скопировать ссылку на точку KZ-01-ID:ASTP212 Нур-Султан, от ул. Абая в сторону ул. Абая Старый номер: KZ-KZ-AST-5459 Дата последних изменений: 2020-10-13 16:07:43 Ограничение скорости: 60 [edit] [copy]",Контроль ПДД,Polygon,"POLYGON ((71.4070813 51.0858598, 71.407178703768 51.087027277381, 71.407808501834 51.086935943493, 71.4070813 51.0858598))",767f67e1-0d5d-11eb-9092-001876201992,753.3624412783773
304,340,71.4169314,51.0844489,a7474ac2-0d5f-11eb-9092-001876201992,Контроль ПДД,60,"Скопировать ссылку на точку KZ-01-ID:ASTP78 Нур-Султан, от ул. Турара Рыскулова в сторону ул. Турара Рыскулова Старый номер: KZ-KZ-AST-5460 Дата последних изменений: 2020-10-13 16:23:24 Ограничение скорости: 60 [edit] [copy]",Контроль ПДД,Polygon,"POLYGON ((71.4169314 51.0844489, 71.41700634258 51.085797016218, 71.417735827708 51.085699613584, 71.4169314 51.0844489))",a7474ac2-0d5f-11eb-9092-001876201992,535.0515810781883
331,367,71.4100225,51.093545,cb5c883f-15d1-11ee-8798-001876201992,Контроль ПДД,60,"Скопировать ссылку на точку KZ Астана, улица Гейдара Алиева Старый номер: KZ-KZ-AST-8692 Дата последних изменений: 2023-06-28 18:35:29 Ограничение скорости: 60 [edit] [copy]",Контроль ПДД,Polygon,"POLYGON ((71.4100225 51.093545, 71.409922556638 51.091747511716, 71.408949718508 51.091877381951, 71.4100225 51.093545))",cb5c883f-15d1-11ee-8798-001876201992,653.9971293520606
332,368,71.4097436,51.093741,d9bf6b58-15d1-11ee-8798-001876201992,Контроль ПДД,60,"Скопировать ссылку на точку KZ Астана, улица Гейдара Алиева Старый номер: KZ-KZ-AST-8693 Дата последних изменений: 2023-06-28 18:35:54 Ограничение скорости: 60 [edit] [copy]",Контроль ПДД,Polygon,"POLYGON ((71.4097436 51.093741, 71.406883756825 51.093835130355, 71.407107487626 51.094443762475, 71.4097436 51.093741))",d9bf6b58-15d1-11ee-8798-001876201992,683.2191023403209
333,369,71.4100011,51.0939707,e1f22502-15d1-11ee-8798-001876201992,Контроль ПДД,60,"Скопировать ссылку на точку KZ Астана, улица Гейдара Алиева Старый номер: KZ-KZ-AST-8694 Дата последних изменений: 2023-06-28 18:36:07 Ограничение скорости: 60 [edit] [copy]",Контроль ПДД,Polygon,"POLYGON ((71.4100011 51.0939707, 71.410150978234 51.095766819048, 71.411120068276 51.095626305374, 71.4100011 51.0939707))",e1f22502-15d1-11ee-8798-001876201992,690.2913758419247
334,370,71.4103337,51.0937477,ebd172b4-15d1-11ee-8798-001876201992,Контроль ПДД,60,"Скопировать ссылку на точку KZ Астана, улица Гейдара Алиева Старый номер: KZ-KZ-AST-8695 Дата последних изменений: 2023-06-28 18:36:24 Ограничение скорости: 60 [edit] [copy]",Контроль ПДД,Polygon,"POLYGON ((71.4103337 51.0937477, 71.413193543603 51.093653569813, 71.41296981286 51.09304493768, 71.4103337 51.0937477))",ebd172b4-15d1-11ee-8798-001876201992,656.352900430707
338,374,71.4253108,51.1094647,824513c7-1fe7-11ee-a212-001876201992,Контроль ПДД,60,"Скопировать ссылку на точку KZ, Астана, улица Орынбор Старый номер: KZ-KZ-AST-8836 Дата последних изменений: 2023-07-11 14:36:30 Ограничение скорости: 60 [edit] [copy]",Контроль ПДД,Polygon,"POLYGON ((71.4253108 51.1094647, 71.425160833323 51.106768467574, 71.423701073527 51.106963272926, 71.4253108 51.1094647))",824513c7-1fe7-11ee-a212-001876201992,2331.929936074674
339,375,71.4252357,51.1097956,9679b76a-1fe7-11ee-a212-001876201992,Контроль ПДД,60,"Скопировать ссылку на точку KZ, Астана, улица Орынбор Старый номер: KZ-KZ-AST-8837 Дата последних изменений: 2023-07-11 14:36:41 Ограничение скорости: 60 [edit] [copy]",Контроль ПДД,Polygon,"POLYGON ((71.4252357 51.1097956, 71.425385667349 51.112491832435, 71.426845437626 51.112297027168, 71.4252357 51.1097956))",9679b76a-1fe7-11ee-a212-001876201992,2366.0463855777625
340,376,71.4256219,51.1095862,a0795ecf-1fe7-11ee-a212-001876201992,Контроль ПДД,60,"Скопировать ссылку на точку KZ, Астана, улица Орынбор Старый номер: KZ-KZ-AST-8838 Дата последних изменений: 2023-07-11 14:36:58 Ограничение скорости: 60 [edit] [copy]",Контроль ПДД,Polygon,"POLYGON ((71.4256219 51.1095862, 71.429916406718 51.109492046123, 71.429606124736 51.108575558517, 71.4256219 51.1095862))",a0795ecf-1fe7-11ee-a212-001876201992,2350.7995838042316
341,377,71.4249138,51.1095795,ac330f5d-1fe7-11ee-a212-001876201992,Контроль ПДД,60,"Скопировать ссылку на точку KZ, Астана, улица Орынбор Старый номер: KZ-KZ-AST-8839 Дата последних изменений: 2023-07-11 14:37:18 Ограничение скорости: 60 [edit] [copy]",Контроль ПДД,Polygon,"POLYGON ((71.4249138 51.1095795, 71.421335044932 51.109657961775, 71.421593613327 51.110421701431, 71.4249138 51.1095795))",ac330f5d-1fe7-11ee-a212-001876201992,2337.048169726482
349,385,71.4216652,51.1008108,e89a7c25-2993-11ee-a212-001876201992,Контроль ПДД,60,"Скопировать ссылку на точку KZ, Астана, улица Бухар Жырау Старый номер: KZ-KZ-ALA-8902 Дата последних изменений: 2023-07-23 22:03:30 Ограничение скорости: 60 [edit] [copy]",Контроль ПДД,Polygon,"POLYGON ((71.4216652 51.1008108, 71.417368891349 51.100810799621, 71.417627990242 51.101733527517, 71.4216652 51.1008108))",e89a7c25-2993-11ee-a212-001876201992,1336.669830917913
350,386,71.4224806,51.1008311,f9cf70fa-2993-11ee-a212-001876201992,Контроль ПДД,60,"Скопировать ссылку на точку KZ, Астана, улица Бухар Жырау Старый номер: KZ-KZ-AST-8903 Дата последних изменений: 2023-07-23 22:03:22 Ограничение скорости: 60 [edit] [copy]",Контроль ПДД,Polygon,"POLYGON ((71.4224806 51.1008311, 71.426766445012 51.100642906327, 71.426405475407 51.099733775624, 71.4224806 51.1008311))",f9cf70fa-2993-11ee-a212-001876201992,1355.5265804337669
351,387,71.4221158,51.1005406,0a1459ae-2994-11ee-a212-001876201992,Контроль ПДД,60,"Скопировать ссылку на точку KZ, Астана, улица Бухар Жырау Старый номер: KZ-KZ-ALA-8904 Дата последних изменений: 2023-07-23 22:03:49 Ограничение скорости: 60 [edit] [copy]",Контроль ПДД,Polygon,"POLYGON ((71.4221158 51.1005406, 71.421965862273 51.097844367574, 71.420506384277 51.098039172926, 71.4221158 51.1005406))",0a1459ae-2994-11ee-a212-001876201992,1316.9612226891452
352,388,71.4220943,51.1010608,103959f9-2994-11ee-a212-001876201992,Контроль ПДД,60,"Скопировать ссылку на точку KZ, Астана, улица Бухар Жырау Старый номер: KZ-KZ-ALA-8905 Дата последних изменений: 2023-07-23 22:03:59 Ограничение скорости: 60 [edit] [copy]",Контроль ПДД,Polygon,"POLYGON ((71.4220943 51.1010608, 71.422244239012 51.103757032435, 71.42370373346 51.103562227168, 71.4220943 51.1010608))",103959f9-2994-11ee-a212-001876201992,1371.7795629389282
353,389,71.4005,51.0825228,47816e5f-328a-11ee-a212-001876201992,Контроль ПДД,60,"Скопировать ссылку на точку KZ-01-ID:ASTLU100 Нур-Султан, от просп. Т?ран в сторону ул. Турара Рыскулова Старый номер: KZ-KZ-AST-8960 Дата последних изменений: 2023-08-04 07:46:38 Ограничение скорости: 60 [edit] [copy]",Контроль ПДД,Polygon,"POLYGON ((71.4005 51.0825228, 71.406222658495 51.082397261497, 71.405809191261 51.081175278023, 71.4005 51.0825228))",47816e5f-328a-11ee-a212-001876201992,1340.162703351537
356,392,71.4482016,51.0876751,8c9b4c5d-47eb-11ee-a212-001876201992,Контроль ПДД,60,"Скопировать ссылку на точку KZ, Астана, Есильский район, проспект Аль-Фараби Старый номер: KZ-KZ-AST-9081 Дата последних изменений: 2023-08-31 12:46:07 Ограничение скорости: 60 [edit] [copy]",Контроль ПДД,Polygon,"POLYGON ((71.4482016 51.0876751, 71.448051703983 51.084978867574, 71.446592631992 51.085173672926, 71.4482016 51.0876751))",8c9b4c5d-47eb-11ee-a212-001876201992,2226.6426135339616
357,393,71.44803,51.0880873,9e60dedd-47eb-11ee-a212-001876201992,Контроль ПДД,60,"Скопировать ссылку на точку KZ, Астана, Есильский район, проспект Аль-Фараби Старый номер: KZ-KZ-AST-9082 Дата последних изменений: 2023-08-31 12:46:19 Ограничение скорости: 60 [edit] [copy]",Контроль ПДД,Polygon,"POLYGON ((71.44803 51.0880873, 71.448179896951 51.090783532435, 71.449638981975 51.090588727168, 71.44803 51.0880873))",9e60dedd-47eb-11ee-a212-001876201992,2211.5327377765925
358,394,71.4489848,51.0897968,d3607e99-47eb-11ee-a212-001876201992,Контроль ПДД,60,"Скопировать ссылку на точку KZ, Астана, Есильский район, проспект Аль-Фараби Старый номер: KZ-KZ-AST-9083 Дата последних изменений: 2023-08-31 12:47:48 Ограничение скорости: 60 [edit] [copy]",Контроль ПДД,Polygon,"POLYGON ((71.4489848 51.0897968, 71.448834897107 51.087100567574, 71.44737575818 51.087295372926, 71.4489848 51.0897968))",d3607e99-47eb-11ee-a212-001876201992,2275.207477407754
359,395,71.448663,51.0899657,e07256c7-47eb-11ee-a212-001876201992,Контроль ПДД,60,"Скопировать ссылку на точку KZ, Астана, Есильский район, проспект Аль-Фараби Старый номер: KZ-KZ-AST-9084 Дата последних изменений: 2023-08-31 12:48:10 Ограничение скорости: 60 [edit] [copy]",Контроль ПДД,Polygon,"POLYGON ((71.448663 51.0899657, 71.448887797881 51.092659878572, 71.450341307061 51.092449108061, 71.448663 51.0899657))",e07256c7-47eb-11ee-a212-001876201992,2253.3213828927314
367,403,71.4053221,51.0816227,eeea3ec0-2787-11ee-a212-001876201992,Контроль ПДД,60,"Скопировать ссылку на точку Астана, улица Хусейн бен Талал Старый номер: KZ--1-10486 Дата последних изменений: 2024-06-22 11:22:48 Ограничение скорости: 60 [edit] [copy]",Контроль ПДД,Polygon,"POLYGON ((71.4053221 51.0816227, 71.400318685534 51.081787428121, 71.400710111867 51.082852534332, 71.4053221 51.0816227))",eeea3ec0-2787-11ee-a212-001876201992,1148.9953105247369
368,404,71.40632,51.08167,d9460c87-2787-11ee-a212-001876201992,Контроль ПДД,60,"Скопировать ссылку на точку Астана, улица Хусейн бен Талал Старый номер: KZ--1-10487 Дата последних изменений: 2024-06-22 11:23:33 Ограничение скорости: 60 [edit] [copy]",Контроль ПДД,Polygon,"POLYGON ((71.40632 51.08167, 71.412042553003 51.081544461497, 71.41162909339 51.080322478023, 71.40632 51.08167))",d9460c87-2787-11ee-a212-001876201992,1099.1329246479963
377,413,71.447135,51.084728,de1a108c-d329-11ef-bcb7-001876201992,Контроль ПДД,60,"Скопировать ссылку на точку KZ, Астана, пр Аль-Фараби Старый номер: KZ-KZ-AST-11128 Дата последних изменений: 2025-01-15 11:17:04 Ограничение скорости: 60 [edit] [copy]",Контроль ПДД,Polygon,"POLYGON ((71.447135 51.084728, 71.447085037845 51.083829255858, 71.446598711501 51.083894190975, 71.447135 51.084728))",de1a108c-d329-11ef-bcb7-001876201992,2203.457037361032
378,414,71.4468709,51.084775,0795544b-d32a-11ef-bcb7-001876201992,Контроль ПДД,60,"Скопировать ссылку на точку KZ, Астана, пр Аль-Фараби Старый номер: KZ-KZ-AST-11129 Дата последних изменений: 2025-01-15 11:18:14 Ограничение скорости: 60 [edit] [copy]",Контроль ПДД,Polygon,"POLYGON ((71.4468709 51.084775, 71.447020748436 51.086571119048, 71.447989645816 51.086430605374, 71.4468709 51.084775))",0795544b-d32a-11ef-bcb7-001876201992,2184.3039571781524
379,415,71.41745,51.06936,69cd8bd9-d814-11ef-8287-001876201992,Контроль ПДД,60,"Скопировать ссылку на точку KZ, Астана, проспект Мангилик Ел Старый номер: KZ--1-11149 Дата последних изменений: 2025-01-21 17:26:05 Ограничение скорости: 60 [edit] [copy]",Контроль ПДД,Polygon,"POLYGON ((71.41745 51.06936, 71.417949151385 51.073845506727, 71.420360462732 51.073467720807, 71.41745 51.06936))",69cd8bd9-d814-11ef-8287-001876201992,2212.8372276714767
388,424,71.4346967,51.0896377,38d6d394-1550-11f0-95de-001876201992,Контроль ПДД,60,"Скопировать ссылку на точку KZ-01 Нур-Султан,  Сергек Старый номер: KZ-KZ-AST-11603 Дата последних изменений: 2025-04-09 16:43:44 Ограничение скорости: 60 [edit] [copy]",Контроль ПДД,Polygon,"POLYGON ((71.4346967 51.0896377, 71.434621748811 51.088289583787, 71.433892181858 51.088386986463, 71.4346967 51.0896377))",38d6d394-1550-11f0-95de-001876201992,1277.2135845791042
389,425,71.4343909,51.0898336,248550f1-1551-11f0-95de-001876201992,Контроль ПДД,60,"Скопировать ссылку на точку KZ-01 Нур-Султан,  Сергек Старый номер: KZ-KZ-AST-11604 Дата последних изменений: 2025-04-09 16:44:29 Ограничение скорости: 60 [edit] [copy]",Контроль ПДД,Polygon,"POLYGON ((71.4343909 51.0898336, 71.432246198838 51.089904197766, 71.432413982762 51.090360671856, 71.4343909 51.0898336))",248550f1-1551-11f0-95de-001876201992,1256.801861927736
390,426,71.4346967,51.0899823,41e8b54d-1551-11f0-95de-001876201992,Контроль ПДД,60,"Скопировать ссылку на точку KZ-01 Нур-Султан,  Сергек Старый номер: KZ-KZ-AST-11605 Дата последних изменений: 2025-04-09 16:45:19 Ограничение скорости: 60 [edit] [copy]",Контроль ПДД,Polygon,"POLYGON ((71.4346967 51.0899823, 71.434734181281 51.0913310325, 71.435466349004 51.091241642158, 71.4346967 51.0899823))",41e8b54d-1551-11f0-95de-001876201992,1279.0756157203673
391,427,71.43504,51.0898066,64202637-1551-11f0-95de-001876201992,Контроль ПДД,60,"Скопировать ссылку на точку KZ-01 Нур-Султан,  Сергек Старый номер: KZ-KZ-AST-11606 Дата последних изменений: 2025-04-09 16:46:16 Ограничение скорости: 60 [edit] [copy]",Контроль ПДД,Polygon,"POLYGON ((71.43504 51.0898066, 71.437186334896 51.089759523061, 71.437031260265 51.089301279259, 71.43504 51.0898066))",64202637-1551-11f0-95de-001876201992,1301.9322054141123
